{
  "spec_version": 1,
  "learning_rate": 0.006,
  "epochs": 3200,
  "weights": [
    2.1422625375739193,
    -0.6840365739026842,
    -0.2447327968045182,
    -0.08794597235291503,
    -0.13812754737681002,
    -0.09479556896121538,
    0.0936692587127937
  ],
  "feature_means": [
    0.359201787889515,
    9.866742701558685,
    131.09477970315334,
    32.16547544010243,
    1286.7477589080104,
    7.286783814125705
  ],
  "feature_stds": [
    11.444026991349256,
    5.808800923115868,
    119.4960903661995,
    15.878600335677504,
    1050.2365420911692,
    413.7352285240781
  ],
  "baseline_mph": 2.1422625375739375
}